match_id,title
1,ATA-BOL
2,ATA-CAG
3,ATA-COM
4,ATA-EMP
5,ATA-FIO
6,ATA-GEN
7,ATA-VER
8,ATA-INT
9,ATA-JUV
10,ATA-LAZ
11,ATA-LEC
12,ATA-MIL
13,ATA-MON
14,ATA-NAP
15,ATA-PAR
16,ATA-ROM
17,ATA-TOR
18,ATA-UDI
19,ATA-VEN
20,BOL-ATA
21,BOL-CAG
22,BOL-COM
23,BOL-EMP
24,BOL-FIO
25,BOL-GEN
26,BOL-VER
27,BOL-INT
28,BOL-JUV
29,BOL-LAZ
30,BOL-LEC
31,BOL-MIL
32,BOL-MON
33,BOL-NAP
34,BOL-PAR
35,BOL-ROM
36,BOL-TOR
37,BOL-UDI
38,BOL-VEN
39,CAG-ATA
40,CAG-BOL
41,CAG-COM
42,CAG-EMP
43,CAG-FIO
44,CAG-GEN
45,CAG-VER
46,CAG-INT
47,CAG-JUV
48,CAG-LAZ
49,CAG-LEC
50,CAG-MIL
51,CAG-MON
52,CAG-NAP
53,CAG-PAR
54,CAG-ROM
55,CAG-TOR
56,CAG-UDI
57,CAG-VEN
58,COM-ATA
59,COM-BOL
60,COM-CAG
61,COM-EMP
62,COM-FIO
63,COM-GEN
64,COM-VER
65,COM-INT
66,COM-JUV
67,COM-LAZ
68,COM-LEC
69,COM-MIL
70,COM-MON
71,COM-NAP
72,COM-PAR
73,COM-ROM
74,COM-TOR
75,COM-UDI
76,COM-VEN
77,EMP-ATA
78,EMP-BOL
79,EMP-CAG
80,EMP-COM
81,EMP-FIO
82,EMP-GEN
83,EMP-VER
84,EMP-INT
85,EMP-JUV
86,EMP-LAZ
87,EMP-LEC
88,EMP-MIL
89,EMP-MON
90,EMP-NAP
91,EMP-PAR
92,EMP-ROM
93,EMP-TOR
94,EMP-UDI
95,EMP-VEN
96,FIO-ATA
97,FIO-BOL
98,FIO-CAG
99,FIO-COM
100,FIO-EMP
101,FIO-GEN
102,FIO-VER
103,FIO-INT
104,FIO-JUV
105,FIO-LAZ
106,FIO-LEC
107,FIO-MIL
108,FIO-MON
109,FIO-NAP
110,FIO-PAR
111,FIO-ROM
112,FIO-TOR
113,FIO-UDI
114,FIO-VEN
115,GEN-ATA
116,GEN-BOL
117,GEN-CAG
118,GEN-COM
119,GEN-EMP
120,GEN-FIO
121,GEN-VER
122,GEN-INT
123,GEN-JUV
124,GEN-LAZ
125,GEN-LEC
126,GEN-MIL
127,GEN-MON
128,GEN-NAP
129,GEN-PAR
130,GEN-ROM
131,GEN-TOR
132,GEN-UDI
133,GEN-VEN
134,VER-ATA
135,VER-BOL
136,VER-CAG
137,VER-COM
138,VER-EMP
139,VER-FIO
140,VER-GEN
141,VER-INT
142,VER-JUV
143,VER-LAZ
144,VER-LEC
145,VER-MIL
146,VER-MON
147,VER-NAP
148,VER-PAR
149,VER-ROM
150,VER-TOR
151,VER-UDI
152,VER-VEN
153,INT-ATA
154,INT-BOL
155,INT-CAG
156,INT-COM
157,INT-EMP
158,INT-FIO
159,INT-GEN
160,INT-VER
161,INT-JUV
162,INT-LAZ
163,INT-LEC
164,INT-MIL
165,INT-MON
166,INT-NAP
167,INT-PAR
168,INT-ROM
169,INT-TOR
170,INT-UDI
171,INT-VEN
172,JUV-ATA
173,JUV-BOL
174,JUV-CAG
175,JUV-COM
176,JUV-EMP
177,JUV-FIO
178,JUV-GEN
179,JUV-VER
180,JUV-INT
181,JUV-LAZ
182,JUV-LEC
183,JUV-MIL
184,JUV-MON
185,JUV-NAP
186,JUV-PAR
187,JUV-ROM
188,JUV-TOR
189,JUV-UDI
190,JUV-VEN
191,LAZ-ATA
192,LAZ-BOL
193,LAZ-CAG
194,LAZ-COM
195,LAZ-EMP
196,LAZ-FIO
197,LAZ-GEN
198,LAZ-VER
199,LAZ-INT
200,LAZ-JUV
201,LAZ-LEC
202,LAZ-MIL
203,LAZ-MON
204,LAZ-NAP
205,LAZ-PAR
206,LAZ-ROM
207,LAZ-TOR
208,LAZ-UDI
209,LAZ-VEN
210,LEC-ATA
211,LEC-BOL
212,LEC-CAG
213,LEC-COM
214,LEC-EMP
215,LEC-FIO
216,LEC-GEN
217,LEC-VER
218,LEC-INT
219,LEC-JUV
220,LEC-LAZ
221,LEC-MIL
222,LEC-MON
223,LEC-NAP
224,LEC-PAR
225,LEC-ROM
226,LEC-TOR
227,LEC-UDI
228,LEC-VEN
229,MIL-ATA
230,MIL-BOL
231,MIL-CAG
232,MIL-COM
233,MIL-EMP
234,MIL-FIO
235,MIL-GEN
236,MIL-VER
237,MIL-INT
238,MIL-JUV
239,MIL-LAZ
240,MIL-LEC
241,MIL-MON
242,MIL-NAP
243,MIL-PAR
244,MIL-ROM
245,MIL-TOR
246,MIL-UDI
247,MIL-VEN
248,MON-ATA
249,MON-BOL
250,MON-CAG
251,MON-COM
252,MON-EMP
253,MON-FIO
254,MON-GEN
255,MON-VER
256,MON-INT
257,MON-JUV
258,MON-LAZ
259,MON-LEC
260,MON-MIL
261,MON-NAP
262,MON-PAR
263,MON-ROM
264,MON-TOR
265,MON-UDI
266,MON-VEN
267,NAP-ATA
268,NAP-BOL
269,NAP-CAG
270,NAP-COM
271,NAP-EMP
272,NAP-FIO
273,NAP-GEN
274,NAP-VER
275,NAP-INT
276,NAP-JUV
277,NAP-LAZ
278,NAP-LEC
279,NAP-MIL
280,NAP-MON
281,NAP-PAR
282,NAP-ROM
283,NAP-TOR
284,NAP-UDI
285,NAP-VEN
286,PAR-ATA
287,PAR-BOL
288,PAR-CAG
289,PAR-COM
290,PAR-EMP
291,PAR-FIO
292,PAR-GEN
293,PAR-VER
294,PAR-INT
295,PAR-JUV
296,PAR-LAZ
297,PAR-LEC
298,PAR-MIL
299,PAR-MON
300,PAR-NAP
301,PAR-ROM
302,PAR-TOR
303,PAR-UDI
304,PAR-VEN
305,ROM-ATA
306,ROM-BOL
307,ROM-CAG
308,ROM-COM
309,ROM-EMP
310,ROM-FIO
311,ROM-GEN
312,ROM-VER
313,ROM-INT
314,ROM-JUV
315,ROM-LAZ
316,ROM-LEC
317,ROM-MIL
318,ROM-MON
319,ROM-NAP
320,ROM-PAR
321,ROM-TOR
322,ROM-UDI
323,ROM-VEN
324,TOR-ATA
325,TOR-BOL
326,TOR-CAG
327,TOR-COM
328,TOR-EMP
329,TOR-FIO
330,TOR-GEN
331,TOR-VER
332,TOR-INT
333,TOR-JUV
334,TOR-LAZ
335,TOR-LEC
336,TOR-MIL
337,TOR-MON
338,TOR-NAP
339,TOR-PAR
340,TOR-ROM
341,TOR-UDI
342,TOR-VEN
343,UDI-ATA
344,UDI-BOL
345,UDI-CAG
346,UDI-COM
347,UDI-EMP
348,UDI-FIO
349,UDI-GEN
350,UDI-VER
351,UDI-INT
352,UDI-JUV
353,UDI-LAZ
354,UDI-LEC
355,UDI-MIL
356,UDI-MON
357,UDI-NAP
358,UDI-PAR
359,UDI-ROM
360,UDI-TOR
361,UDI-VEN
362,VEN-ATA
363,VEN-BOL
364,VEN-CAG
365,VEN-COM
366,VEN-EMP
367,VEN-FIO
368,VEN-GEN
369,VEN-VER
370,VEN-INT
371,VEN-JUV
372,VEN-LAZ
373,VEN-LEC
374,VEN-MIL
375,VEN-MON
376,VEN-NAP
377,VEN-PAR
378,VEN-ROM
379,VEN-TOR
380,VEN-UDI